STREET_NAME_PATTERN,,Abraham-a-Sancta-Clara-Gasse
STREET_NAME_PATTERN,,Adlergasse
STREET_NAME_PATTERN,,Akademiestraße
STREET_NAME_PATTERN,,Albertinaplatz
STREET_NAME_PATTERN,,Albrechtsgasse
STREET_NAME_PATTERN,,Albrechtsplatz
STREET_NAME_PATTERN,,Alta Strata
STREET_NAME_PATTERN,,Alte Walfischgasse
STREET_NAME_PATTERN,,Am Bergl
STREET_NAME_PATTERN,,Am Gestade
STREET_NAME_PATTERN,,Am Hof
STREET_NAME_PATTERN,,Am Sanct Jakobsfreithof
STREET_NAME_PATTERN,,Amaliengasse
STREET_NAME_PATTERN,,An Sanct Clarafreithof
STREET_NAME_PATTERN,,An dem Milchgraben
STREET_NAME_PATTERN,,An der Hülben
STREET_NAME_PATTERN,,Annagasse
STREET_NAME_PATTERN,,Armensündergassel
STREET_NAME_PATTERN,,Aspernplatz
STREET_NAME_PATTERN,,Auerspergstraße
STREET_NAME_PATTERN,,Auf der Dacken
STREET_NAME_PATTERN,,Auf der Goldschmiede
STREET_NAME_PATTERN,,Auf der Hohen Brücke
STREET_NAME_PATTERN,,Augustinerbastei
STREET_NAME_PATTERN,,Augustinerstraße
STREET_NAME_PATTERN,,Auwinkel
STREET_NAME_PATTERN,,Babenbergerstraße
STREET_NAME_PATTERN,,Ballgasse
STREET_NAME_PATTERN,,Ballhausplatz
STREET_NAME_PATTERN,,Ballplatz
STREET_NAME_PATTERN,,Bankgasse
STREET_NAME_PATTERN,,Barbaragasse
STREET_NAME_PATTERN,,Barrikadenstraße
STREET_NAME_PATTERN,,Bartensteingasse
STREET_NAME_PATTERN,,Bauernmarkt
STREET_NAME_PATTERN,,Beethovenplatz
STREET_NAME_PATTERN,,Bei der Hohen Brücke
STREET_NAME_PATTERN,,Bellariastraße
STREET_NAME_PATTERN,,Beserlpark
STREET_NAME_PATTERN,,Biberstraße
STREET_NAME_PATTERN,,Bibliotheksplatz
STREET_NAME_PATTERN,,Bilpingerstraße
STREET_NAME_PATTERN,,Bischofgasse
STREET_NAME_PATTERN,,Blumenstockgasse
STREET_NAME_PATTERN,,Blutgasse
STREET_NAME_PATTERN,,Bockgasse
STREET_NAME_PATTERN,,Bognergasse
STREET_NAME_PATTERN,,Brandstatt
STREET_NAME_PATTERN,,Brandstätte
STREET_NAME_PATTERN,,Brunnengasse
STREET_NAME_PATTERN,,Brunngasse
STREET_NAME_PATTERN,,Bruno-Kreisky-Gasse
STREET_NAME_PATTERN,,Bräunerstraße
STREET_NAME_PATTERN,,Buchfellergraben
STREET_NAME_PATTERN,,Burggarten
STREET_NAME_PATTERN,,Bäckerstraße
STREET_NAME_PATTERN,,Börsegasse
STREET_NAME_PATTERN,,Börsepark
STREET_NAME_PATTERN,,Börseplatz
STREET_NAME_PATTERN,,Bösendorferstraße
STREET_NAME_PATTERN,,Bürgermeistergasse
STREET_NAME_PATTERN,,Bürstenbindergasse
STREET_NAME_PATTERN,,Camesinagasse
STREET_NAME_PATTERN,,Canovagasse
STREET_NAME_PATTERN,,Christinengasse
STREET_NAME_PATTERN,,Churhausgasse
STREET_NAME_PATTERN,,Cobdengasse
STREET_NAME_PATTERN,,Coburgbastei
STREET_NAME_PATTERN,,Concordiaplatz
STREET_NAME_PATTERN,,Constitutionsplatz
STREET_NAME_PATTERN,,Cäciliengasse
STREET_NAME_PATTERN,,Desider-Friedmann-Platz
STREET_NAME_PATTERN,,Deutschmeisterplatz
STREET_NAME_PATTERN,,Doblhoffgasse
STREET_NAME_PATTERN,,Domgasse
STREET_NAME_PATTERN,,Dominikanergasse
STREET_NAME_PATTERN,,Dominikanerplatz
STREET_NAME_PATTERN,,Donnergasse
STREET_NAME_PATTERN,,Dorotheergasse
STREET_NAME_PATTERN,,Dr.-Ignaz-Seipel-Platz
STREET_NAME_PATTERN,,Dr.-Ignaz-Seipel-Ring
STREET_NAME_PATTERN,,Dr.-Karl-Lueger-Platz
STREET_NAME_PATTERN,,Dr.-Karl-Lueger-Ring
STREET_NAME_PATTERN,,Dr.-Karl-Renner-Ring
STREET_NAME_PATTERN,,Drachengasse
STREET_NAME_PATTERN,,Drahtgasse
STREET_NAME_PATTERN,,Dumbastraße
STREET_NAME_PATTERN,,Ebendorferstraße
STREET_NAME_PATTERN,,Einheitsplatz
STREET_NAME_PATTERN,,Elf-Lümmel-Gasse
STREET_NAME_PATTERN,,Elisabethstraße
STREET_NAME_PATTERN,,Ertlgasse
STREET_NAME_PATTERN,,Eschenbachgasse
STREET_NAME_PATTERN,,Esperantopark
STREET_NAME_PATTERN,,Essiggasse
STREET_NAME_PATTERN,,Evagassel
STREET_NAME_PATTERN,,Eßlinggasse
STREET_NAME_PATTERN,,Fahnengasse
STREET_NAME_PATTERN,,Falkestraße
STREET_NAME_PATTERN,,Felderstraße
STREET_NAME_PATTERN,,Ferdinandsplatz
STREET_NAME_PATTERN,,Fichtegasse
STREET_NAME_PATTERN,,Filzerstraße
STREET_NAME_PATTERN,,Filzgasse
STREET_NAME_PATTERN,,Fischhof
STREET_NAME_PATTERN,,Flaschnergasse
STREET_NAME_PATTERN,,Fleischmarkt
STREET_NAME_PATTERN,,Fleischmarktstiege
STREET_NAME_PATTERN,,Franz-Josefs-Kai
STREET_NAME_PATTERN,,Franzensplatz
STREET_NAME_PATTERN,,Franzensring
STREET_NAME_PATTERN,,Franziskanerplatz
STREET_NAME_PATTERN,,Freda-Meissner-Blau-Promenade
STREET_NAME_PATTERN,,Freiheitsgasse
STREET_NAME_PATTERN,,Freiheitsplatz
STREET_NAME_PATTERN,,Freyung
STREET_NAME_PATTERN,,Friedrich-Schmidt-Platz
STREET_NAME_PATTERN,,Friedrichstraße
STREET_NAME_PATTERN,,Fritz-Wotruba-Promenade
STREET_NAME_PATTERN,,Färbergasse
STREET_NAME_PATTERN,,Färberstraße
STREET_NAME_PATTERN,,Führichgasse
STREET_NAME_PATTERN,,Fütterergasse
STREET_NAME_PATTERN,,Garten der Republik
STREET_NAME_PATTERN,,Gartenbaupromenade
STREET_NAME_PATTERN,,Gassel beim Heiligenkreuzerhof
STREET_NAME_PATTERN,,Gassel vorm Heiligenkreuzerhof
STREET_NAME_PATTERN,,Gauermanngasse
STREET_NAME_PATTERN,,Gegenüber dem Erzbischofhof
STREET_NAME_PATTERN,,Georg-Coch-Straße
STREET_NAME_PATTERN,,Getreidemarkt
STREET_NAME_PATTERN,,Girardipark
STREET_NAME_PATTERN,,Giselastraße
STREET_NAME_PATTERN,,Glockengasse
STREET_NAME_PATTERN,,Gluckgasse
STREET_NAME_PATTERN,,Goethegasse
STREET_NAME_PATTERN,,Goldschmiedgasse
STREET_NAME_PATTERN,,Gonzagagasse
STREET_NAME_PATTERN,,Gottfried-von-Einem-Platz
STREET_NAME_PATTERN,,Graben
STREET_NAME_PATTERN,,Grabengasse
STREET_NAME_PATTERN,,Grashofgasse
STREET_NAME_PATTERN,,Grete-Rehor-Park
STREET_NAME_PATTERN,,Griechengasse
STREET_NAME_PATTERN,,Grillparzerstraße
STREET_NAME_PATTERN,,Großes Paternostergässel
STREET_NAME_PATTERN,,Grünangergasse
STREET_NAME_PATTERN,,Gässel beim gelben Adler
STREET_NAME_PATTERN,,Gässlein bei der Badstube
STREET_NAME_PATTERN,,Gölsdorfgasse
STREET_NAME_PATTERN,,Göttweihergasse
STREET_NAME_PATTERN,,Haarmarkt
STREET_NAME_PATTERN,,Habsburgergasse
STREET_NAME_PATTERN,,Hafnersteig
STREET_NAME_PATTERN,,Hansenstraße
STREET_NAME_PATTERN,,Hanuschgasse
STREET_NAME_PATTERN,,Hegelgasse
STREET_NAME_PATTERN,,Heidenhainstraße
STREET_NAME_PATTERN,,Heidenschuß
STREET_NAME_PATTERN,,Heiligenkreuzerstraße
STREET_NAME_PATTERN,,Heinrichsgasse
STREET_NAME_PATTERN,,Heldenplatz
STREET_NAME_PATTERN,,Helferstorferstraße
STREET_NAME_PATTERN,,Herbert-von-Karajan-Platz
STREET_NAME_PATTERN,,Hermann-Gmeiner-Park
STREET_NAME_PATTERN,,Herrengasse
STREET_NAME_PATTERN,,Heßgasse
STREET_NAME_PATTERN,,Himmelpfortgasse
STREET_NAME_PATTERN,,Hochstraße
STREET_NAME_PATTERN,,Hofgarten
STREET_NAME_PATTERN,,Hofgartengasse
STREET_NAME_PATTERN,,Hofgässel
STREET_NAME_PATTERN,,Hohenstaufengasse
STREET_NAME_PATTERN,,Honiggäßlein
STREET_NAME_PATTERN,,Hundsfottgässel
STREET_NAME_PATTERN,,Hutstoppergäßchen
STREET_NAME_PATTERN,,Häringmarkt
STREET_NAME_PATTERN,,Hühnergäßchen
STREET_NAME_PATTERN,,Hühnerlochgasse
STREET_NAME_PATTERN,,In der Burg
STREET_NAME_PATTERN,,Irisgasse
STREET_NAME_PATTERN,,Jakobergasse
STREET_NAME_PATTERN,,Jakoberhof
STREET_NAME_PATTERN,,Jasomirgottstraße
STREET_NAME_PATTERN,,Jesuitengasse
STREET_NAME_PATTERN,,Jesuitenplatz
STREET_NAME_PATTERN,,Jesuiterplatzel
STREET_NAME_PATTERN,,Johann-Sebastian-Bach-Gasse
STREET_NAME_PATTERN,,Johannesgasse
STREET_NAME_PATTERN,,Jordangasse
STREET_NAME_PATTERN,,Josef-Bürckel-Ring
STREET_NAME_PATTERN,,Josef-Meinrad-Platz
STREET_NAME_PATTERN,,Josefsplatz
STREET_NAME_PATTERN,,Judengasse
STREET_NAME_PATTERN,,Judenplatz
STREET_NAME_PATTERN,,Julius-Raab-Platz
STREET_NAME_PATTERN,,Jungferngasse
STREET_NAME_PATTERN,,Kaiser-Ferdinands-Platz
STREET_NAME_PATTERN,,Kaiser-Franz-Joseph-Park
STREET_NAME_PATTERN,,Kaiser-Wilhelm-Ring
STREET_NAME_PATTERN,,Kaisergarten
STREET_NAME_PATTERN,,Kalkmarkt
STREET_NAME_PATTERN,,Kammerhof
STREET_NAME_PATTERN,,Kantgasse
STREET_NAME_PATTERN,,Karlsplatz
STREET_NAME_PATTERN,,Katzensteig
STREET_NAME_PATTERN,,Keilgasse
STREET_NAME_PATTERN,,Kergässel
STREET_NAME_PATTERN,,Kienmarkt
STREET_NAME_PATTERN,,Kirchengasse
STREET_NAME_PATTERN,,Kirchengässel
STREET_NAME_PATTERN,,Kleeblattgasse
STREET_NAME_PATTERN,,Kleine Bognergasse
STREET_NAME_PATTERN,,Kleine Gasse
STREET_NAME_PATTERN,,Kleine Kirchengasse
STREET_NAME_PATTERN,,Kleine Schulerstraße
STREET_NAME_PATTERN,,Kleppergasse
STREET_NAME_PATTERN,,Klostergasse
STREET_NAME_PATTERN,,Kochgasse
STREET_NAME_PATTERN,,Kohlmarkt
STREET_NAME_PATTERN,,Kohlmessergasse
STREET_NAME_PATTERN,,Kolowratring
STREET_NAME_PATTERN,,Komödiengasse
STREET_NAME_PATTERN,,Konstitutionsplatz
STREET_NAME_PATTERN,,Kopalplatz
STREET_NAME_PATTERN,,Kramergasse
STREET_NAME_PATTERN,,Krautgasse
STREET_NAME_PATTERN,,Krebsgasse
STREET_NAME_PATTERN,,Kremser Straße
STREET_NAME_PATTERN,,Kreuzgasse
STREET_NAME_PATTERN,,Krongasse
STREET_NAME_PATTERN,,Krugerstraße
STREET_NAME_PATTERN,,Kumpfgasse
STREET_NAME_PATTERN,,Kupferschmiedgasse
STREET_NAME_PATTERN,,Kurdewaenerstraße
STREET_NAME_PATTERN,,Kurrentgasse
STREET_NAME_PATTERN,,Kärntner Durchgang
STREET_NAME_PATTERN,,Kärntner Ring
STREET_NAME_PATTERN,,Kärntnertorpassage
STREET_NAME_PATTERN,,Köllnerhofgasse
STREET_NAME_PATTERN,,Körblergasse
STREET_NAME_PATTERN,,Kühfußgasse
STREET_NAME_PATTERN,,Künstlergasse
STREET_NAME_PATTERN,,Laderstraße
STREET_NAME_PATTERN,,Landesgerichtsstraße
STREET_NAME_PATTERN,,Landhausgasse
STREET_NAME_PATTERN,,Landskrongasse
STREET_NAME_PATTERN,,Lastenstraße
STREET_NAME_PATTERN,,Laurenzergasse
STREET_NAME_PATTERN,,Leopold-Figl-Gasse
STREET_NAME_PATTERN,,Leopold-Gratz-Platz
STREET_NAME_PATTERN,,Lichtenfelsgasse
STREET_NAME_PATTERN,,Lichtensteg
STREET_NAME_PATTERN,,Liebenberggasse
STREET_NAME_PATTERN,,Liebiggasse
STREET_NAME_PATTERN,,Liliengasse
STREET_NAME_PATTERN,,Linnengäßchen
STREET_NAME_PATTERN,,Lisztgasse
STREET_NAME_PATTERN,,Lobkowitzplatz
STREET_NAME_PATTERN,,Lothringerstraße
STREET_NAME_PATTERN,,Lugeck
STREET_NAME_PATTERN,,Löwelstraße
STREET_NAME_PATTERN,,Magistratsstraße
STREET_NAME_PATTERN,,Mahlerstraße
STREET_NAME_PATTERN,,Makartgasse
STREET_NAME_PATTERN,,Marc-Aurel-Straße
STREET_NAME_PATTERN,,Marco-d'Aviano-Gasse
STREET_NAME_PATTERN,,Maria-Theresien-Platz
STREET_NAME_PATTERN,,Maria-Theresien-Straße
STREET_NAME_PATTERN,,Mariengasse
STREET_NAME_PATTERN,,Marienstiege
STREET_NAME_PATTERN,,Max-Weiler-Platz
STREET_NAME_PATTERN,,Maximilianstraße
STREET_NAME_PATTERN,,Maysedergasse
STREET_NAME_PATTERN,,Meistersingerstraße
STREET_NAME_PATTERN,,Mentlerstraße
STREET_NAME_PATTERN,,Messeplatz
STREET_NAME_PATTERN,,Metastasiogasse
STREET_NAME_PATTERN,,Michaelerdurchgang
STREET_NAME_PATTERN,,Michaelerplatz
STREET_NAME_PATTERN,,Milchgasse
STREET_NAME_PATTERN,,Minoritengasse
STREET_NAME_PATTERN,,Minoritenplatz
STREET_NAME_PATTERN,,Morzinplatz
STREET_NAME_PATTERN,,Museumstraße
STREET_NAME_PATTERN,,Musikvereinsplatz
STREET_NAME_PATTERN,,Münzerstraße
STREET_NAME_PATTERN,,Naglergasse
STREET_NAME_PATTERN,,Neubadgasse
STREET_NAME_PATTERN,,Neuburger Gasse
STREET_NAME_PATTERN,,Neuer Kienmarkt
STREET_NAME_PATTERN,,Neuer Markt
STREET_NAME_PATTERN,,Neumarktgassel
STREET_NAME_PATTERN,,Neutorgasse
STREET_NAME_PATTERN,,Nibelungengasse
STREET_NAME_PATTERN,,Nikolaigasse
STREET_NAME_PATTERN,,Nächst der Schmiede
STREET_NAME_PATTERN,,Ofenlochgasse
STREET_NAME_PATTERN,,Operngasse
STREET_NAME_PATTERN,,Opernring
STREET_NAME_PATTERN,,Oppolzergasse
STREET_NAME_PATTERN,,Oskar-Kokoschka-Platz
STREET_NAME_PATTERN,,Palimalliplatz
STREET_NAME_PATTERN,,Paradeplatz
STREET_NAME_PATTERN,,Parisergasse
STREET_NAME_PATTERN,,Parkring
STREET_NAME_PATTERN,,Parlamentsring
STREET_NAME_PATTERN,,Passauer Gasse
STREET_NAME_PATTERN,,Passauer Platz
STREET_NAME_PATTERN,,Paternostergässchen
STREET_NAME_PATTERN,,Pestalozzigasse
STREET_NAME_PATTERN,,Petersplatz
STREET_NAME_PATTERN,,Petrarcagasse
STREET_NAME_PATTERN,,Philharmonikerstraße
STREET_NAME_PATTERN,,Pippingerstraße
STREET_NAME_PATTERN,,Plankengasse
STREET_NAME_PATTERN,,Postgasse
STREET_NAME_PATTERN,,Predigergasse
STREET_NAME_PATTERN,,Preidenstraße
STREET_NAME_PATTERN,,Preßgasse
STREET_NAME_PATTERN,,Promenadenplatz
STREET_NAME_PATTERN,,Rabengasse
STREET_NAME_PATTERN,,Rabenplatz
STREET_NAME_PATTERN,,Radstraße
STREET_NAME_PATTERN,,Rathauspark
STREET_NAME_PATTERN,,Rathausplatz
STREET_NAME_PATTERN,,Rathausstraße
STREET_NAME_PATTERN,,Raubergäßchen
STREET_NAME_PATTERN,,Rauhensteingasse
STREET_NAME_PATTERN,,Refelbühel
STREET_NAME_PATTERN,,Regierungsgasse
STREET_NAME_PATTERN,,Reichsratsplatz
STREET_NAME_PATTERN,,Reichsratsstraße
STREET_NAME_PATTERN,,Reischachstraße
STREET_NAME_PATTERN,,Reitschulgasse
STREET_NAME_PATTERN,,Renngasse
STREET_NAME_PATTERN,,Revolutionsplatz
STREET_NAME_PATTERN,,Riemergasse
STREET_NAME_PATTERN,,Ring des 12. November
STREET_NAME_PATTERN,,Ringstraße
STREET_NAME_PATTERN,,Robert-Stolz-Platz
STREET_NAME_PATTERN,,Rock-Park
STREET_NAME_PATTERN,,Rockhgasse
STREET_NAME_PATTERN,,Rosenbursenstraße
STREET_NAME_PATTERN,,Rosengasse
STREET_NAME_PATTERN,,Rosmaringasse
STREET_NAME_PATTERN,,Rotenturmstraße
STREET_NAME_PATTERN,,Rotgasse
STREET_NAME_PATTERN,,Rudolfsplatz
STREET_NAME_PATTERN,,Ruprechtsplatz
STREET_NAME_PATTERN,,Salvatorgasse
STREET_NAME_PATTERN,,Salzgasse
STREET_NAME_PATTERN,,Salztorgasse
STREET_NAME_PATTERN,,Sattlergasse
STREET_NAME_PATTERN,,Schallautzerstraße
STREET_NAME_PATTERN,,Schauflergasse
STREET_NAME_PATTERN,,Schellinggasse
STREET_NAME_PATTERN,,Schenkenstraße
STREET_NAME_PATTERN,,Schillergasse
STREET_NAME_PATTERN,,Schillerplatz
STREET_NAME_PATTERN,,Schiltergasse
STREET_NAME_PATTERN,,Schleifgassel
STREET_NAME_PATTERN,,Schlossergasse
STREET_NAME_PATTERN,,Schmalgasse
STREET_NAME_PATTERN,,Schmerlingplatz
STREET_NAME_PATTERN,,Schottengasse
STREET_NAME_PATTERN,,Schottenring
STREET_NAME_PATTERN,,Schreyvogelgasse
STREET_NAME_PATTERN,,Schubertring
STREET_NAME_PATTERN,,Schulgasse
STREET_NAME_PATTERN,,Schulhof
STREET_NAME_PATTERN,,Schultergasse
STREET_NAME_PATTERN,,Schwangasse
STREET_NAME_PATTERN,,Schwarzenbergplatz
STREET_NAME_PATTERN,,Schwarzenbergstraße
STREET_NAME_PATTERN,,Schwedenplatz
STREET_NAME_PATTERN,,Schweinemarkt
STREET_NAME_PATTERN,,Schwertgasse
STREET_NAME_PATTERN,,Schwibbogengasse
STREET_NAME_PATTERN,,Schönlaterngasse
STREET_NAME_PATTERN,,Seilergasse
STREET_NAME_PATTERN,,Seilerstätte
STREET_NAME_PATTERN,,Seitenstettengasse
STREET_NAME_PATTERN,,Seitzergasse
STREET_NAME_PATTERN,,Siebenbrunnengässel
STREET_NAME_PATTERN,,Singerstraße
STREET_NAME_PATTERN,,Sonnenfelsgasse
STREET_NAME_PATTERN,,Spenglergasse
STREET_NAME_PATTERN,,Spiegelgasse
STREET_NAME_PATTERN,,Spitalgasse
STREET_NAME_PATTERN,,Spitalplatz
STREET_NAME_PATTERN,,Spänglergasse
STREET_NAME_PATTERN,,Stadiongasse
STREET_NAME_PATTERN,,Stadtpark
STREET_NAME_PATTERN,,Stallburggasse
STREET_NAME_PATTERN,,Steindlgasse
STREET_NAME_PATTERN,,Steinmetzplatz
STREET_NAME_PATTERN,,Stephansplatz
STREET_NAME_PATTERN,,Sterngasse
STREET_NAME_PATTERN,,Sternwartgasse
STREET_NAME_PATTERN,,Steyrerhof
STREET_NAME_PATTERN,,Stiftgasse
STREET_NAME_PATTERN,,Stock-im-Eisen-Platz
STREET_NAME_PATTERN,,Stoß im Himmel
STREET_NAME_PATTERN,,Strauchgasse
STREET_NAME_PATTERN,,Strobelgasse
STREET_NAME_PATTERN,,Stubenring
STREET_NAME_PATTERN,,Studentenstraße
STREET_NAME_PATTERN,,Sulzgässel
STREET_NAME_PATTERN,,Taschnergäßchen
STREET_NAME_PATTERN,,Taubengasse
STREET_NAME_PATTERN,,Tegetthoffstraße
STREET_NAME_PATTERN,,Teinfaltstraße
STREET_NAME_PATTERN,,Theodor-Herzl-Platz
STREET_NAME_PATTERN,,Tiefer Graben
STREET_NAME_PATTERN,,Traibotenstraße
STREET_NAME_PATTERN,,Trummelhofgasse
STREET_NAME_PATTERN,,Tuchlauben
STREET_NAME_PATTERN,,Universitätsplatz
STREET_NAME_PATTERN,,Universitätsring
STREET_NAME_PATTERN,,Universitätsstraße
STREET_NAME_PATTERN,,Unter den Felbern
STREET_NAME_PATTERN,,Unter den Fleischbänken
STREET_NAME_PATTERN,,Unter den Sattlern
STREET_NAME_PATTERN,,Unter den Schmertischen
STREET_NAME_PATTERN,,Uraniastraße
STREET_NAME_PATTERN,,Versöhnungsstraße
STREET_NAME_PATTERN,,Volksgarten
STREET_NAME_PATTERN,,Volksgartenstraße
STREET_NAME_PATTERN,,Volksplatz
STREET_NAME_PATTERN,,Vorlaufstraße
STREET_NAME_PATTERN,,Walchstraße
STREET_NAME_PATTERN,,Walfischgasse
STREET_NAME_PATTERN,,Walichstraße
STREET_NAME_PATTERN,,Wallfischgasse
STREET_NAME_PATTERN,,Wallfischplatz
STREET_NAME_PATTERN,,Wallnerstraße
STREET_NAME_PATTERN,,Weidenstraße
STREET_NAME_PATTERN,,Weiskirchnerstraße
STREET_NAME_PATTERN,,Werdertorgasse
STREET_NAME_PATTERN,,Wiesingerstraße
STREET_NAME_PATTERN,,Wildpretmarkt
STREET_NAME_PATTERN,,Wildwerkerstraße
STREET_NAME_PATTERN,,Windhaaggasse
STREET_NAME_PATTERN,,Wintergassel
STREET_NAME_PATTERN,,Wipplingerstraße
STREET_NAME_PATTERN,,Wolfengasse
STREET_NAME_PATTERN,,Wollzeile
STREET_NAME_PATTERN,,Wächtergasse
STREET_NAME_PATTERN,,Zedlitzgasse
STREET_NAME_PATTERN,,Zelinkagasse
STREET_NAME_PATTERN,,Zeughausgasse
STREET_NAME_PATTERN,,Zu den sieben Schwibbogen
ROAD_NAME_PATTERN,,Abraham-a-Sancta-Clara-Gasse
ROAD_NAME_PATTERN,,Adlergasse
ROAD_NAME_PATTERN,,Albrechtsgasse
ROAD_NAME_PATTERN,,Alte Walfischgasse
ROAD_NAME_PATTERN,,Am Bergl
ROAD_NAME_PATTERN,,Am Gestade
ROAD_NAME_PATTERN,,Am Hof
ROAD_NAME_PATTERN,,Am Sanct Jakobsfreithof
ROAD_NAME_PATTERN,,Amaliengasse
ROAD_NAME_PATTERN,,An Sanct Clarafreithof
ROAD_NAME_PATTERN,,An dem Milchgraben
ROAD_NAME_PATTERN,,An der Hülben
ROAD_NAME_PATTERN,,Annagasse
ROAD_NAME_PATTERN,,Armensündergassel
ROAD_NAME_PATTERN,,Auf der Dacken
ROAD_NAME_PATTERN,,Auf der Goldschmiede
ROAD_NAME_PATTERN,,Auf der Hohen Brücke
ROAD_NAME_PATTERN,,Auwinkel
ROAD_NAME_PATTERN,,Ballgasse
ROAD_NAME_PATTERN,,Ballplatz
ROAD_NAME_PATTERN,,Bankgasse
ROAD_NAME_PATTERN,,Barbaragasse
ROAD_NAME_PATTERN,,Bauernmarkt
ROAD_NAME_PATTERN,,Bei der Hohen Brücke
ROAD_NAME_PATTERN,,Beserlpark
ROAD_NAME_PATTERN,,Bischofgasse
ROAD_NAME_PATTERN,,Blumenstockgasse
ROAD_NAME_PATTERN,,Blutgasse
ROAD_NAME_PATTERN,,Bockgasse
ROAD_NAME_PATTERN,,Bognergasse
ROAD_NAME_PATTERN,,Brandstatt
ROAD_NAME_PATTERN,,Brandstätte
ROAD_NAME_PATTERN,,Brunnengasse
ROAD_NAME_PATTERN,,Brunngasse
ROAD_NAME_PATTERN,,Bruno-Kreisky-Gasse
ROAD_NAME_PATTERN,,Buchfellergraben
ROAD_NAME_PATTERN,,Burggarten
ROAD_NAME_PATTERN,,Börsegasse
ROAD_NAME_PATTERN,,Börsepark
ROAD_NAME_PATTERN,,Bürgermeistergasse
ROAD_NAME_PATTERN,,Bürstenbindergasse
ROAD_NAME_PATTERN,,Camesinagasse
ROAD_NAME_PATTERN,,Canovagasse
ROAD_NAME_PATTERN,,Christinengasse
ROAD_NAME_PATTERN,,Churhausgasse
ROAD_NAME_PATTERN,,Cobdengasse
ROAD_NAME_PATTERN,,Cäciliengasse
ROAD_NAME_PATTERN,,Doblhoffgasse
ROAD_NAME_PATTERN,,Domgasse
ROAD_NAME_PATTERN,,Dominikanergasse
ROAD_NAME_PATTERN,,Donnergasse
ROAD_NAME_PATTERN,,Dorotheergasse
ROAD_NAME_PATTERN,,Drachengasse
ROAD_NAME_PATTERN,,Drahtgasse
ROAD_NAME_PATTERN,,Einheitsplatz
ROAD_NAME_PATTERN,,Elf-Lümmel-Gasse
ROAD_NAME_PATTERN,,Ertlgasse
ROAD_NAME_PATTERN,,Eschenbachgasse
ROAD_NAME_PATTERN,,Esperantopark
ROAD_NAME_PATTERN,,Essiggasse
ROAD_NAME_PATTERN,,Evagassel
ROAD_NAME_PATTERN,,Eßlinggasse
ROAD_NAME_PATTERN,,Fahnengasse
ROAD_NAME_PATTERN,,Ferdinandsplatz
ROAD_NAME_PATTERN,,Fichtegasse
ROAD_NAME_PATTERN,,Filzgasse
ROAD_NAME_PATTERN,,Fischhof
ROAD_NAME_PATTERN,,Flaschnergasse
ROAD_NAME_PATTERN,,Fleischmarktstiege
ROAD_NAME_PATTERN,,Franz-Josefs-Kai
ROAD_NAME_PATTERN,,Franzensplatz
ROAD_NAME_PATTERN,,Freiheitsgasse
ROAD_NAME_PATTERN,,Färbergasse
ROAD_NAME_PATTERN,,Führichgasse
ROAD_NAME_PATTERN,,Fütterergasse
ROAD_NAME_PATTERN,,Gauermanngasse
ROAD_NAME_PATTERN,,Girardipark
ROAD_NAME_PATTERN,,Glockengasse
ROAD_NAME_PATTERN,,Gluckgasse
ROAD_NAME_PATTERN,,Goethegasse
ROAD_NAME_PATTERN,,Goldschmiedgasse
ROAD_NAME_PATTERN,,Gonzagagasse
ROAD_NAME_PATTERN,,Gottfried-von-Einem-Platz
ROAD_NAME_PATTERN,,Grabengasse
ROAD_NAME_PATTERN,,Grashofgasse
ROAD_NAME_PATTERN,,Griechengasse
ROAD_NAME_PATTERN,,Großes Paternostergässel
ROAD_NAME_PATTERN,,Grünangergasse
ROAD_NAME_PATTERN,,Gässel beim gelben Adler
ROAD_NAME_PATTERN,,Gässlein bei der Badstube
ROAD_NAME_PATTERN,,Gölsdorfgasse
ROAD_NAME_PATTERN,,Göttweihergasse
ROAD_NAME_PATTERN,,Habsburgergasse
ROAD_NAME_PATTERN,,Hafnersteig
ROAD_NAME_PATTERN,,Hanuschgasse
ROAD_NAME_PATTERN,,Hegelgasse
ROAD_NAME_PATTERN,,Heinrichsgasse
ROAD_NAME_PATTERN,,Heldenplatz
ROAD_NAME_PATTERN,,Hermann-Gmeiner-Park
ROAD_NAME_PATTERN,,Herrengasse
ROAD_NAME_PATTERN,,Heßgasse
ROAD_NAME_PATTERN,,Himmelpfortgasse
ROAD_NAME_PATTERN,,Hofgarten
ROAD_NAME_PATTERN,,Hofgartengasse
ROAD_NAME_PATTERN,,Hofgässel
ROAD_NAME_PATTERN,,Hohenstaufengasse
ROAD_NAME_PATTERN,,Honiggäßlein
ROAD_NAME_PATTERN,,Hundsfottgässel
ROAD_NAME_PATTERN,,Hutstoppergäßchen
ROAD_NAME_PATTERN,,Hühnergäßchen
ROAD_NAME_PATTERN,,Hühnerlochgasse
ROAD_NAME_PATTERN,,Irisgasse
ROAD_NAME_PATTERN,,Jakobergasse
ROAD_NAME_PATTERN,,Jakoberhof
ROAD_NAME_PATTERN,,Jesuitengasse
ROAD_NAME_PATTERN,,Jesuiterplatzel
ROAD_NAME_PATTERN,,Johann-Sebastian-Bach-Gasse
ROAD_NAME_PATTERN,,Johannesgasse
ROAD_NAME_PATTERN,,Jordangasse
ROAD_NAME_PATTERN,,Judengasse
ROAD_NAME_PATTERN,,Jungferngasse
ROAD_NAME_PATTERN,,Kaiser-Franz-Joseph-Park
ROAD_NAME_PATTERN,,Kantgasse
ROAD_NAME_PATTERN,,Katzensteig
ROAD_NAME_PATTERN,,Keilgasse
ROAD_NAME_PATTERN,,Kergässel
ROAD_NAME_PATTERN,,Kienmarkt
ROAD_NAME_PATTERN,,Kirchengasse
ROAD_NAME_PATTERN,,Kirchengässel
ROAD_NAME_PATTERN,,Kleeblattgasse
ROAD_NAME_PATTERN,,Kleine Bognergasse
ROAD_NAME_PATTERN,,Kleine Gasse
ROAD_NAME_PATTERN,,Kleine Kirchengasse
ROAD_NAME_PATTERN,,Kleppergasse
ROAD_NAME_PATTERN,,Klostergasse
ROAD_NAME_PATTERN,,Kochgasse
ROAD_NAME_PATTERN,,Kohlmessergasse
ROAD_NAME_PATTERN,,Kolowratring
ROAD_NAME_PATTERN,,Komödiengasse
ROAD_NAME_PATTERN,,Kramergasse
ROAD_NAME_PATTERN,,Krautgasse
ROAD_NAME_PATTERN,,Krebsgasse
ROAD_NAME_PATTERN,,Kreuzgasse
ROAD_NAME_PATTERN,,Krongasse
ROAD_NAME_PATTERN,,Kumpfgasse
ROAD_NAME_PATTERN,,Kupferschmiedgasse
ROAD_NAME_PATTERN,,Kurrentgasse
ROAD_NAME_PATTERN,,Kärntner Durchgang
ROAD_NAME_PATTERN,,Kärntner Ring
ROAD_NAME_PATTERN,,Kärntnertorpassage
ROAD_NAME_PATTERN,,Köllnerhofgasse
ROAD_NAME_PATTERN,,Körblergasse
ROAD_NAME_PATTERN,,Kühfußgasse
ROAD_NAME_PATTERN,,Künstlergasse
ROAD_NAME_PATTERN,,Laderstraße
ROAD_NAME_PATTERN,,Landhausgasse
ROAD_NAME_PATTERN,,Landskrongasse
ROAD_NAME_PATTERN,,Lastenstraße
ROAD_NAME_PATTERN,,Laurenzergasse
ROAD_NAME_PATTERN,,Leopold-Figl-Gasse
ROAD_NAME_PATTERN,,Lichtenfelsgasse
ROAD_NAME_PATTERN,,Lichtensteg
ROAD_NAME_PATTERN,,Liebenberggasse
ROAD_NAME_PATTERN,,Liebiggasse
ROAD_NAME_PATTERN,,Liliengasse
ROAD_NAME_PATTERN,,Linnengäßchen
ROAD_NAME_PATTERN,,Lisztgasse
ROAD_NAME_PATTERN,,Marco-d'Aviano-Gasse
ROAD_NAME_PATTERN,,Mariengasse
ROAD_NAME_PATTERN,,Marienstiege
ROAD_NAME_PATTERN,,Maysedergasse
ROAD_NAME_PATTERN,,Messeplatz
ROAD_NAME_PATTERN,,Metastasiogasse
ROAD_NAME_PATTERN,,Michaelerdurchgang
ROAD_NAME_PATTERN,,Michaelerplatz
ROAD_NAME_PATTERN,,Milchgasse
ROAD_NAME_PATTERN,,Minoritengasse
ROAD_NAME_PATTERN,,Minoritenplatz
ROAD_NAME_PATTERN,,Morzinplatz
ROAD_NAME_PATTERN,,Musikvereinsplatz
ROAD_NAME_PATTERN,,Naglergasse
ROAD_NAME_PATTERN,,Neubadgasse
ROAD_NAME_PATTERN,,Neuburger Gasse
ROAD_NAME_PATTERN,,Neumarktgassel
ROAD_NAME_PATTERN,,Neutorgasse
ROAD_NAME_PATTERN,,Nibelungengasse
ROAD_NAME_PATTERN,,Nikolaigasse
ROAD_NAME_PATTERN,,Nächst der Schmiede
ROAD_NAME_PATTERN,,Ofenlochgasse
ROAD_NAME_PATTERN,,Operngasse
ROAD_NAME_PATTERN,,Opernring
ROAD_NAME_PATTERN,,Oppolzergasse
ROAD_NAME_PATTERN,,Parisergasse
ROAD_NAME_PATTERN,,Passauer Gasse
ROAD_NAME_PATTERN,,Paternostergässchen
ROAD_NAME_PATTERN,,Pestalozzigasse
ROAD_NAME_PATTERN,,Petrarcagasse
ROAD_NAME_PATTERN,,Plankengasse
ROAD_NAME_PATTERN,,Postgasse
ROAD_NAME_PATTERN,,Predigergasse
ROAD_NAME_PATTERN,,Preßgasse
ROAD_NAME_PATTERN,,Rabengasse
ROAD_NAME_PATTERN,,Raubergäßchen
ROAD_NAME_PATTERN,,Rauhensteingasse
ROAD_NAME_PATTERN,,Refelbühel
ROAD_NAME_PATTERN,,Regierungsgasse
ROAD_NAME_PATTERN,,Reitschulgasse
ROAD_NAME_PATTERN,,Renngasse
ROAD_NAME_PATTERN,,Riemergasse
ROAD_NAME_PATTERN,,Rock-Park
ROAD_NAME_PATTERN,,Rockhgasse
ROAD_NAME_PATTERN,,Rosengasse
ROAD_NAME_PATTERN,,Rosmaringasse
ROAD_NAME_PATTERN,,Rotgasse
ROAD_NAME_PATTERN,,Salvatorgasse
ROAD_NAME_PATTERN,,Salzgasse
ROAD_NAME_PATTERN,,Salztorgasse
ROAD_NAME_PATTERN,,Sattlergasse
ROAD_NAME_PATTERN,,Schauflergasse
ROAD_NAME_PATTERN,,Schellinggasse
ROAD_NAME_PATTERN,,Schillergasse
ROAD_NAME_PATTERN,,Schillerplatz
ROAD_NAME_PATTERN,,Schiltergasse
ROAD_NAME_PATTERN,,Schleifgassel
ROAD_NAME_PATTERN,,Schlossergasse
ROAD_NAME_PATTERN,,Schmalgasse
ROAD_NAME_PATTERN,,Schottengasse
ROAD_NAME_PATTERN,,Schottenring
ROAD_NAME_PATTERN,,Schreyvogelgasse
ROAD_NAME_PATTERN,,Schubertring
ROAD_NAME_PATTERN,,Schulgasse
ROAD_NAME_PATTERN,,Schulhof
ROAD_NAME_PATTERN,,Schultergasse
ROAD_NAME_PATTERN,,Schwangasse
ROAD_NAME_PATTERN,,Schwertgasse
ROAD_NAME_PATTERN,,Schwibbogengasse
ROAD_NAME_PATTERN,,Schönlaterngasse
ROAD_NAME_PATTERN,,Seilergasse
ROAD_NAME_PATTERN,,Seilerstätte
ROAD_NAME_PATTERN,,Seitenstettengasse
ROAD_NAME_PATTERN,,Seitzergasse
ROAD_NAME_PATTERN,,Siebenbrunnengässel
ROAD_NAME_PATTERN,,Sonnenfelsgasse
ROAD_NAME_PATTERN,,Spenglergasse
ROAD_NAME_PATTERN,,Spiegelgasse
ROAD_NAME_PATTERN,,Spitalgasse
ROAD_NAME_PATTERN,,Spänglergasse
ROAD_NAME_PATTERN,,Stadiongasse
ROAD_NAME_PATTERN,,Stallburggasse
ROAD_NAME_PATTERN,,Steindlgasse
ROAD_NAME_PATTERN,,Sterngasse
ROAD_NAME_PATTERN,,Sternwartgasse
ROAD_NAME_PATTERN,,Stiftgasse
ROAD_NAME_PATTERN,,Stoß im Himmel
ROAD_NAME_PATTERN,,Strauchgasse
ROAD_NAME_PATTERN,,Strobelgasse
ROAD_NAME_PATTERN,,Stubenring
ROAD_NAME_PATTERN,,Sulzgässel
ROAD_NAME_PATTERN,,Taubengasse
ROAD_NAME_PATTERN,,Theodor-Herzl-Platz
ROAD_NAME_PATTERN,,Trummelhofgasse
ROAD_NAME_PATTERN,,Tuchlauben
ROAD_NAME_PATTERN,,Unter den Felbern
ROAD_NAME_PATTERN,,Unter den Fleischbänken
ROAD_NAME_PATTERN,,Unter den Sattlern
ROAD_NAME_PATTERN,,Unter den Schmertischen
ROAD_NAME_PATTERN,,Volksgarten
ROAD_NAME_PATTERN,,Volksplatz
ROAD_NAME_PATTERN,,Walfischgasse
ROAD_NAME_PATTERN,,Wallfischgasse
ROAD_NAME_PATTERN,,Werdertorgasse
ROAD_NAME_PATTERN,,Wildpretmarkt
ROAD_NAME_PATTERN,,Windhaaggasse
ROAD_NAME_PATTERN,,Wintergassel
ROAD_NAME_PATTERN,,Wolfengasse
ROAD_NAME_PATTERN,,Wollzeile
ROAD_NAME_PATTERN,,Wächtergasse
ROAD_NAME_PATTERN,,Zedlitzgasse
ROAD_NAME_PATTERN,,Zelinkagasse
ROAD_NAME_PATTERN,,Zeughausgasse
ROAD_NAME_PATTERN,,Zu den sieben Schwibbogen
AVENUE_NAME_PATTERN,,Akademiestraße
AVENUE_NAME_PATTERN,,Albertinaplatz
AVENUE_NAME_PATTERN,,Albrechtsplatz
AVENUE_NAME_PATTERN,,Alta Strata
AVENUE_NAME_PATTERN,,Am Bergl
AVENUE_NAME_PATTERN,,Am Gestade
AVENUE_NAME_PATTERN,,Am Hof
AVENUE_NAME_PATTERN,,Am Sanct Jakobsfreithof
AVENUE_NAME_PATTERN,,An Sanct Clarafreithof
AVENUE_NAME_PATTERN,,An dem Milchgraben
AVENUE_NAME_PATTERN,,An der Hülben
AVENUE_NAME_PATTERN,,Aspernplatz
AVENUE_NAME_PATTERN,,Auerspergstraße
AVENUE_NAME_PATTERN,,Auf der Dacken
AVENUE_NAME_PATTERN,,Auf der Goldschmiede
AVENUE_NAME_PATTERN,,Auf der Hohen Brücke
AVENUE_NAME_PATTERN,,Augustinerbastei
AVENUE_NAME_PATTERN,,Augustinerstraße
AVENUE_NAME_PATTERN,,Auwinkel
AVENUE_NAME_PATTERN,,Babenbergerstraße
AVENUE_NAME_PATTERN,,Ballhausplatz
AVENUE_NAME_PATTERN,,Ballplatz
AVENUE_NAME_PATTERN,,Barrikadenstraße
AVENUE_NAME_PATTERN,,Bauernmarkt
AVENUE_NAME_PATTERN,,Beethovenplatz
AVENUE_NAME_PATTERN,,Bei der Hohen Brücke
AVENUE_NAME_PATTERN,,Bellariastraße
AVENUE_NAME_PATTERN,,Beserlpark
AVENUE_NAME_PATTERN,,Biberstraße
AVENUE_NAME_PATTERN,,Bibliotheksplatz
AVENUE_NAME_PATTERN,,Bilpingerstraße
AVENUE_NAME_PATTERN,,Brandstatt
AVENUE_NAME_PATTERN,,Brandstätte
AVENUE_NAME_PATTERN,,Bruno-Kreisky-Gasse
AVENUE_NAME_PATTERN,,Bräunerstraße
AVENUE_NAME_PATTERN,,Buchfellergraben
AVENUE_NAME_PATTERN,,Burggarten
AVENUE_NAME_PATTERN,,Bäckerstraße
AVENUE_NAME_PATTERN,,Börsegasse
AVENUE_NAME_PATTERN,,Börsepark
AVENUE_NAME_PATTERN,,Börseplatz
AVENUE_NAME_PATTERN,,Bösendorferstraße
AVENUE_NAME_PATTERN,,Coburgbastei
AVENUE_NAME_PATTERN,,Concordiaplatz
AVENUE_NAME_PATTERN,,Constitutionsplatz
AVENUE_NAME_PATTERN,,Desider-Friedmann-Platz
AVENUE_NAME_PATTERN,,Deutschmeisterplatz
AVENUE_NAME_PATTERN,,Dominikanerplatz
AVENUE_NAME_PATTERN,,Dr.-Ignaz-Seipel-Platz
AVENUE_NAME_PATTERN,,Dr.-Ignaz-Seipel-Ring
AVENUE_NAME_PATTERN,,Dr.-Karl-Lueger-Platz
AVENUE_NAME_PATTERN,,Dr.-Karl-Lueger-Ring
AVENUE_NAME_PATTERN,,Dr.-Karl-Renner-Ring
AVENUE_NAME_PATTERN,,Dumbastraße
AVENUE_NAME_PATTERN,,Ebendorferstraße
AVENUE_NAME_PATTERN,,Einheitsplatz
AVENUE_NAME_PATTERN,,Elisabethstraße
AVENUE_NAME_PATTERN,,Esperantopark
AVENUE_NAME_PATTERN,,Evagassel
AVENUE_NAME_PATTERN,,Falkestraße
AVENUE_NAME_PATTERN,,Felderstraße
AVENUE_NAME_PATTERN,,Ferdinandsplatz
AVENUE_NAME_PATTERN,,Filzerstraße
AVENUE_NAME_PATTERN,,Fischhof
AVENUE_NAME_PATTERN,,Fleischmarkt
AVENUE_NAME_PATTERN,,Fleischmarktstiege
AVENUE_NAME_PATTERN,,Franz-Josefs-Kai
AVENUE_NAME_PATTERN,,Franzensplatz
AVENUE_NAME_PATTERN,,Franzensring
AVENUE_NAME_PATTERN,,Franziskanerplatz
AVENUE_NAME_PATTERN,,Freda-Meissner-Blau-Promenade
AVENUE_NAME_PATTERN,,Freiheitsgasse
AVENUE_NAME_PATTERN,,Freiheitsplatz
AVENUE_NAME_PATTERN,,Freyung
AVENUE_NAME_PATTERN,,Friedrich-Schmidt-Platz
AVENUE_NAME_PATTERN,,Friedrichstraße
AVENUE_NAME_PATTERN,,Fritz-Wotruba-Promenade
AVENUE_NAME_PATTERN,,Färberstraße
AVENUE_NAME_PATTERN,,Garten der Republik
AVENUE_NAME_PATTERN,,Gartenbaupromenade
AVENUE_NAME_PATTERN,,Gassel beim Heiligenkreuzerhof
AVENUE_NAME_PATTERN,,Gassel vorm Heiligenkreuzerhof
AVENUE_NAME_PATTERN,,Gegenüber dem Erzbischofhof
AVENUE_NAME_PATTERN,,Georg-Coch-Straße
AVENUE_NAME_PATTERN,,Getreidemarkt
AVENUE_NAME_PATTERN,,Girardipark
AVENUE_NAME_PATTERN,,Giselastraße
AVENUE_NAME_PATTERN,,Gottfried-von-Einem-Platz
AVENUE_NAME_PATTERN,,Graben
AVENUE_NAME_PATTERN,,Grete-Rehor-Park
AVENUE_NAME_PATTERN,,Grillparzerstraße
AVENUE_NAME_PATTERN,,Haarmarkt
AVENUE_NAME_PATTERN,,Hafnersteig
AVENUE_NAME_PATTERN,,Hansenstraße
AVENUE_NAME_PATTERN,,Heidenhainstraße
AVENUE_NAME_PATTERN,,Heidenschuß
AVENUE_NAME_PATTERN,,Heiligenkreuzerstraße
AVENUE_NAME_PATTERN,,Heldenplatz
AVENUE_NAME_PATTERN,,Helferstorferstraße
AVENUE_NAME_PATTERN,,Herbert-von-Karajan-Platz
AVENUE_NAME_PATTERN,,Hermann-Gmeiner-Park
AVENUE_NAME_PATTERN,,Hochstraße
AVENUE_NAME_PATTERN,,Hofgarten
AVENUE_NAME_PATTERN,,Häringmarkt
AVENUE_NAME_PATTERN,,In der Burg
AVENUE_NAME_PATTERN,,Jakoberhof
AVENUE_NAME_PATTERN,,Jasomirgottstraße
AVENUE_NAME_PATTERN,,Jesuitenplatz
AVENUE_NAME_PATTERN,,Jesuiterplatzel
AVENUE_NAME_PATTERN,,Josef-Bürckel-Ring
AVENUE_NAME_PATTERN,,Josef-Meinrad-Platz
AVENUE_NAME_PATTERN,,Josefsplatz
AVENUE_NAME_PATTERN,,Judenplatz
AVENUE_NAME_PATTERN,,Julius-Raab-Platz
AVENUE_NAME_PATTERN,,Kaiser-Ferdinands-Platz
AVENUE_NAME_PATTERN,,Kaiser-Franz-Joseph-Park
AVENUE_NAME_PATTERN,,Kaiser-Wilhelm-Ring
AVENUE_NAME_PATTERN,,Kaisergarten
AVENUE_NAME_PATTERN,,Kalkmarkt
AVENUE_NAME_PATTERN,,Kammerhof
AVENUE_NAME_PATTERN,,Karlsplatz
AVENUE_NAME_PATTERN,,Kienmarkt
AVENUE_NAME_PATTERN,,Kleine Schulerstraße
AVENUE_NAME_PATTERN,,Kleppergasse
AVENUE_NAME_PATTERN,,Kohlmarkt
AVENUE_NAME_PATTERN,,Kolowratring
AVENUE_NAME_PATTERN,,Konstitutionsplatz
AVENUE_NAME_PATTERN,,Kopalplatz
AVENUE_NAME_PATTERN,,Kremser Straße
AVENUE_NAME_PATTERN,,Krugerstraße
AVENUE_NAME_PATTERN,,Kurdewaenerstraße
AVENUE_NAME_PATTERN,,Kärntner Durchgang
AVENUE_NAME_PATTERN,,Kärntner Ring
AVENUE_NAME_PATTERN,,Kärntnertorpassage
AVENUE_NAME_PATTERN,,Laderstraße
AVENUE_NAME_PATTERN,,Landesgerichtsstraße
AVENUE_NAME_PATTERN,,Lastenstraße
AVENUE_NAME_PATTERN,,Laurenzergasse
AVENUE_NAME_PATTERN,,Leopold-Gratz-Platz
AVENUE_NAME_PATTERN,,Lichtensteg
AVENUE_NAME_PATTERN,,Lobkowitzplatz
AVENUE_NAME_PATTERN,,Lothringerstraße
AVENUE_NAME_PATTERN,,Lugeck
AVENUE_NAME_PATTERN,,Löwelstraße
AVENUE_NAME_PATTERN,,Magistratsstraße
AVENUE_NAME_PATTERN,,Mahlerstraße
AVENUE_NAME_PATTERN,,Marc-Aurel-Straße
AVENUE_NAME_PATTERN,,Maria-Theresien-Platz
AVENUE_NAME_PATTERN,,Maria-Theresien-Straße
AVENUE_NAME_PATTERN,,Max-Weiler-Platz
AVENUE_NAME_PATTERN,,Maximilianstraße
AVENUE_NAME_PATTERN,,Meistersingerstraße
AVENUE_NAME_PATTERN,,Mentlerstraße
AVENUE_NAME_PATTERN,,Messeplatz
AVENUE_NAME_PATTERN,,Michaelerdurchgang
AVENUE_NAME_PATTERN,,Michaelerplatz
AVENUE_NAME_PATTERN,,Minoritengasse
AVENUE_NAME_PATTERN,,Minoritenplatz
AVENUE_NAME_PATTERN,,Morzinplatz
AVENUE_NAME_PATTERN,,Museumstraße
AVENUE_NAME_PATTERN,,Musikvereinsplatz
AVENUE_NAME_PATTERN,,Münzerstraße
AVENUE_NAME_PATTERN,,Neuer Kienmarkt
AVENUE_NAME_PATTERN,,Neuer Markt
AVENUE_NAME_PATTERN,,Nächst der Schmiede
AVENUE_NAME_PATTERN,,Opernring
AVENUE_NAME_PATTERN,,Oskar-Kokoschka-Platz
AVENUE_NAME_PATTERN,,Palimalliplatz
AVENUE_NAME_PATTERN,,Paradeplatz
AVENUE_NAME_PATTERN,,Parkring
AVENUE_NAME_PATTERN,,Parlamentsring
AVENUE_NAME_PATTERN,,Passauer Platz
AVENUE_NAME_PATTERN,,Petersplatz
AVENUE_NAME_PATTERN,,Philharmonikerstraße
AVENUE_NAME_PATTERN,,Pippingerstraße
AVENUE_NAME_PATTERN,,Promenadenplatz
AVENUE_NAME_PATTERN,,Rabenplatz
AVENUE_NAME_PATTERN,,Radstraße
AVENUE_NAME_PATTERN,,Rathauspark
AVENUE_NAME_PATTERN,,Rathausplatz
AVENUE_NAME_PATTERN,,Rathausstraße
AVENUE_NAME_PATTERN,,Reichsratsplatz
AVENUE_NAME_PATTERN,,Reichsratsstraße
AVENUE_NAME_PATTERN,,Reischachstraße
AVENUE_NAME_PATTERN,,Revolutionsplatz
AVENUE_NAME_PATTERN,,Ring des 12. November
AVENUE_NAME_PATTERN,,Ringstraße
AVENUE_NAME_PATTERN,,Robert-Stolz-Platz
AVENUE_NAME_PATTERN,,Rock-Park
AVENUE_NAME_PATTERN,,Rosenbursenstraße
AVENUE_NAME_PATTERN,,Rotenturmstraße
AVENUE_NAME_PATTERN,,Rudolfsplatz
AVENUE_NAME_PATTERN,,Ruprechtsplatz
AVENUE_NAME_PATTERN,,Schallautzerstraße
AVENUE_NAME_PATTERN,,Schenkenstraße
AVENUE_NAME_PATTERN,,Schillerplatz
AVENUE_NAME_PATTERN,,Schmerlingplatz
AVENUE_NAME_PATTERN,,Schottenring
AVENUE_NAME_PATTERN,,Schubertring
AVENUE_NAME_PATTERN,,Schulhof
AVENUE_NAME_PATTERN,,Schwarzenbergplatz
AVENUE_NAME_PATTERN,,Schwarzenbergstraße
AVENUE_NAME_PATTERN,,Schwedenplatz
AVENUE_NAME_PATTERN,,Schweinemarkt
AVENUE_NAME_PATTERN,,Seilerstätte
AVENUE_NAME_PATTERN,,Singerstraße
AVENUE_NAME_PATTERN,,Spitalplatz
AVENUE_NAME_PATTERN,,Stadtpark
AVENUE_NAME_PATTERN,,Steinmetzplatz
AVENUE_NAME_PATTERN,,Stephansplatz
AVENUE_NAME_PATTERN,,Steyrerhof
AVENUE_NAME_PATTERN,,Stock-im-Eisen-Platz
AVENUE_NAME_PATTERN,,Stoß im Himmel
AVENUE_NAME_PATTERN,,Stubenring
AVENUE_NAME_PATTERN,,Studentenstraße
AVENUE_NAME_PATTERN,,Sulzgässel
AVENUE_NAME_PATTERN,,Tegetthoffstraße
AVENUE_NAME_PATTERN,,Teinfaltstraße
AVENUE_NAME_PATTERN,,Theodor-Herzl-Platz
AVENUE_NAME_PATTERN,,Tiefer Graben
AVENUE_NAME_PATTERN,,Traibotenstraße
AVENUE_NAME_PATTERN,,Tuchlauben
AVENUE_NAME_PATTERN,,Universitätsplatz
AVENUE_NAME_PATTERN,,Universitätsring
AVENUE_NAME_PATTERN,,Universitätsstraße
AVENUE_NAME_PATTERN,,Unter den Felbern
AVENUE_NAME_PATTERN,,Unter den Fleischbänken
AVENUE_NAME_PATTERN,,Unter den Sattlern
AVENUE_NAME_PATTERN,,Unter den Schmertischen
AVENUE_NAME_PATTERN,,Uraniastraße
AVENUE_NAME_PATTERN,,Versöhnungsstraße
AVENUE_NAME_PATTERN,,Volksgarten
AVENUE_NAME_PATTERN,,Volksgartenstraße
AVENUE_NAME_PATTERN,,Volksplatz
AVENUE_NAME_PATTERN,,Vorlaufstraße
AVENUE_NAME_PATTERN,,Walchstraße
AVENUE_NAME_PATTERN,,Walfischgasse
AVENUE_NAME_PATTERN,,Walichstraße
AVENUE_NAME_PATTERN,,Wallfischgasse
AVENUE_NAME_PATTERN,,Wallfischplatz
AVENUE_NAME_PATTERN,,Wallnerstraße
AVENUE_NAME_PATTERN,,Weidenstraße
AVENUE_NAME_PATTERN,,Weiskirchnerstraße
AVENUE_NAME_PATTERN,,Wiesingerstraße
AVENUE_NAME_PATTERN,,Wildpretmarkt
AVENUE_NAME_PATTERN,,Wildwerkerstraße
AVENUE_NAME_PATTERN,,Wipplingerstraße
AVENUE_NAME_PATTERN,,Wollzeile
AVENUE_NAME_PATTERN,,Zu den sieben Schwibbogen
HIGHWAY_NAME_PATTERN,,A1
HIGHWAY_NAME_PATTERN,,A2
HIGHWAY_NAME_PATTERN,,A3
HIGHWAY_NAME_PATTERN,,A4
HIGHWAY_NAME_PATTERN,,A5
HIGHWAY_NAME_PATTERN,,A6
HIGHWAY_NAME_PATTERN,,A7
HIGHWAY_NAME_PATTERN,,A8
HIGHWAY_NAME_PATTERN,,A9
HIGHWAY_NAME_PATTERN,,A10
HIGHWAY_NAME_PATTERN,,A11
HIGHWAY_NAME_PATTERN,,A12
HIGHWAY_NAME_PATTERN,,A13
HIGHWAY_NAME_PATTERN,,A14
HIGHWAY_NAME_PATTERN,,A15
HIGHWAY_NAME_PATTERN,,A16
HIGHWAY_NAME_PATTERN,,A17
HIGHWAY_NAME_PATTERN,,A18
HIGHWAY_NAME_PATTERN,,A19
HIGHWAY_NAME_PATTERN,,A20
HIGHWAY_NAME_PATTERN,,A21
HIGHWAY_NAME_PATTERN,,A22
HIGHWAY_NAME_PATTERN,,A23
HIGHWAY_NAME_PATTERN,,A24
HIGHWAY_NAME_PATTERN,,A25
HIGHWAY_NAME_PATTERN,,A26
HIGHWAY_NAME_PATTERN,,A27
HIGHWAY_NAME_PATTERN,,A28
HIGHWAY_NAME_PATTERN,,A29
HIGHWAY_NAME_PATTERN,,A30
HIGHWAY_NAME_PATTERN,,A31
HIGHWAY_NAME_PATTERN,,A32
HIGHWAY_NAME_PATTERN,,A33
HIGHWAY_NAME_PATTERN,,A34
HIGHWAY_NAME_PATTERN,,A35
HIGHWAY_NAME_PATTERN,,A36
HIGHWAY_NAME_PATTERN,,A37
HIGHWAY_NAME_PATTERN,,A38
HIGHWAY_NAME_PATTERN,,A39
HIGHWAY_NAME_PATTERN,,A40
BRIDGE_NAME_PATTERN,,Jedlerseer Brücke
BRIDGE_NAME_PATTERN,,Nordbrücke
BRIDGE_NAME_PATTERN,,Steinitzsteg
BRIDGE_NAME_PATTERN,,Floridsdorfer Brücke
BRIDGE_NAME_PATTERN,,Nordbahnbrücke
BRIDGE_NAME_PATTERN,,Georg-Danzer-Steg
BRIDGE_NAME_PATTERN,,Brigittenauer Brücke
BRIDGE_NAME_PATTERN,,Reichsbrücke
BRIDGE_NAME_PATTERN,,Kaisermühlenbrücke
BRIDGE_NAME_PATTERN,,Ponte Cagrana
BRIDGE_NAME_PATTERN,,Wehr 1
BRIDGE_NAME_PATTERN,,Donaustadtbrücke
BRIDGE_NAME_PATTERN,,Praterbrücke
BRIDGE_NAME_PATTERN,,Stadlauer Ostbahnbrücke
BRIDGE_NAME_PATTERN,,Steinspornbrücke
BRIDGE_NAME_PATTERN,,Walulisobrücke
BRIDGE_NAME_PATTERN,,Wehr 2
BRIDGE_NAME_PATTERN,,Rohrbrücke Mannswörth
BRIDGE_NAME_PATTERN,,Barbara-Rohrbrücke
BRIDGE_NAME_PATTERN,,Albertinapassage
BRIDGE_NAME_PATTERN,,Alois-Czedik-Steg
BRIDGE_NAME_PATTERN,,Alter Heustadlsteg
BRIDGE_NAME_PATTERN,,Alterlaasteg
BRIDGE_NAME_PATTERN,,Almannsdorfer Grabenbrücke
BRIDGE_NAME_PATTERN,,Ambrossteg
BRIDGE_NAME_PATTERN,,Ameisbrücke
BRIDGE_NAME_PATTERN,,Anzengruber Brücke
BRIDGE_NAME_PATTERN,,Aquäduktsteg
BRIDGE_NAME_PATTERN,,Artariabrücke
BRIDGE_NAME_PATTERN,,Apsernbrücke
BRIDGE_NAME_PATTERN,,Augartenbrücke
BRIDGE_NAME_PATTERN,,Badhaussteg
BRIDGE_NAME_PATTERN,,Beatrixbrücke
BRIDGE_NAME_PATTERN,,Beethovensteg
BRIDGE_NAME_PATTERN,,Bitterlichbrücke
BRIDGE_NAME_PATTERN,,Blumentalbrücke
BRIDGE_NAME_PATTERN,,Brauersteg
BRIDGE_NAME_PATTERN,,Eroica Gewölbe
BRIDGE_NAME_PATTERN,,Erich-Arth-Steg
BRIDGE_NAME_PATTERN,,Fasangartenbrücke
BRIDGE_NAME_PATTERN,,Flötzersteigbrücke
BRIDGE_NAME_PATTERN,,Ketzergasse
BRIDGE_NAME_PATTERN,,Ketzerbrücke
BRIDGE_NAME_PATTERN,,Kleine Marxerbrücke
BRIDGE_NAME_PATTERN,,Kleiner Gerinnedurchlass
BRIDGE_NAME_PATTERN,,Rosenhügelsteg
BRIDGE_NAME_PATTERN,,Rotwasserbrücke
BRIDGE_NAME_PATTERN,,Russensteg
BRIDGE_NAME_PATTERN,,Wolf in der Au-Brücke
BRIDGE_NAME_PATTERN,,Winzersteg
BRIDGE_NAME_PATTERN,,Willerbrücke
TUNNEL_NAME_PATTERN,,Gleinalmtunnel
TUNNEL_NAME_PATTERN,,Karawankentunnel
TUNNEL_NAME_PATTERN,,Landecker Tunnel
TUNNEL_NAME_PATTERN,,Pfändertunnel
TUNNEL_NAME_PATTERN,,Tauerntunnel
TUNNEL_NAME_PATTERN,,Strenger Tunnel
TUNNEL_NAME_PATTERN,,Katschbergtunnel
TUNNEL_NAME_PATTERN,,Bosrucktunnel
TUNNEL_NAME_PATTERN,,Oswaldibergtunnel
TUNNEL_NAME_PATTERN,,Perjentunnel
TUNNEL_NAME_PATTERN,,Speringtunnel
TUNNEL_NAME_PATTERN,,Tanzenbergtunnel
TUNNEL_NAME_PATTERN,,Tunnel Tradenberg
TUNNEL_NAME_PATTERN,,Langener Tunnel
TUNNEL_NAME_PATTERN,,Lainbergtunnel
TUNNEL_NAME_PATTERN,,Tunnel Kaisermühlen
TUNNEL_NAME_PATTERN,,Ganzsteintunnel
TUNNEL_NAME_PATTERN,,Herzogbergtunnel
TUNNEL_NAME_PATTERN,,Tunnel Rannersdorf
TUNNEL_NAME_PATTERN,,Dalaaser Tunnel
TUNNEL_NAME_PATTERN,,Tunnel Pians-Quadratsch
TUNNEL_NAME_PATTERN,,Tunnel Kreuzenstein
TUNNEL_NAME_PATTERN,,Schmittentunnel
TUNNEL_NAME_PATTERN,,Brandbergtunnel
TUNNEL_NAME_PATTERN,,Geißwandtunnel
TUNNEL_NAME_PATTERN,,Lärchenbergtunnel
TUNNEL_NAME_PATTERN,,Klammtunnel
TUNNEL_NAME_PATTERN,,Achbergtunnel
TUNNEL_NAME_PATTERN,,Loibtunnel
TUNNEL_NAME_PATTERN,,Bartl-Kreuz-Tunnel
TRANSPORT_LINE_PATTERN,Tram,{0}er Straßenbahn
TRANSPORT_LINE_PATTERN,Ferry,#{0} Donaufähre
TRANSPORT_LINE_PATTERN,Monorail,S{0} Schnellbahn
TRANSPORT_LINE_PATTERN,Bus,{0}A Buslinie
TRANSPORT_LINE_PATTERN,Metro,U{0} Ubahnlinie
TRANSPORT_LINE_PATTERN,Train,R{0} Regionalbahn
BANKNAME,BankA,BawagPSK
BANKNAME,BankB,Bank Austria
BANKNAME,BankC,Raiffeisen
DISTRICT_PATTERN,,Innere Stadt
DISTRICT_PATTERN,,Leopoldstadt
DISTRICT_PATTERN,,Landstraße
DISTRICT_PATTERN,,Wieden
DISTRICT_PATTERN,,Margareten
DISTRICT_PATTERN,,Mariahilf
DISTRICT_PATTERN,,Neubau
DISTRICT_PATTERN,,Josefstadt
DISTRICT_PATTERN,,Alsergrund
DISTRICT_PATTERN,,Favoriten
DISTRICT_PATTERN,,Simmering
DISTRICT_PATTERN,,Meidling
DISTRICT_PATTERN,,Hietzing
DISTRICT_PATTERN,,Penzing
DISTRICT_PATTERN,,Rudolfsheim-Fünfhaus
DISTRICT_PATTERN,,Ottakring
DISTRICT_PATTERN,,Hernals
DISTRICT_PATTERN,,Währing
DISTRICT_PATTERN,,Döbling
DISTRICT_PATTERN,,Brigittenau
DISTRICT_PATTERN,,Floridsdorf
DISTRICT_PATTERN,,Donaustadt
DISTRICT_PATTERN,,Liesing
